City_ID,City,Country,Lat,Lng,Max Temp,Humidity,Cloudiness,Wind Speed,Current Description
0,Rikitea,PF,-23.1203,-134.9692,76.33,63,97,4.09,overcast clouds
1,Barrow,US,71.2906,-156.7887,-11.18,77,40,10.36,scattered clouds
2,Faya,SA,18.3851,42.4509,57.31,81,14,5.03,few clouds
3,Hobart,AU,-42.8794,147.3294,58.05,94,75,1.01,broken clouds
4,Tuktoyaktuk,CA,69.4541,-133.0374,-2.2,84,100,19.57,light snow
5,Port Hardy,CA,50.6996,-127.4199,41.76,100,100,10.36,light rain
6,Jiutai,CN,44.1525,125.8328,-3.66,97,5,1.14,clear sky
7,Cabo San Lucas,MX,22.8909,-109.9124,83.52,66,20,5.75,few clouds
8,Apac,UG,1.9756,32.5386,79.23,35,99,2.35,overcast clouds
9,Kamaishi,JP,39.2667,141.8833,24.64,60,18,7.4,few clouds
10,Hamilton,US,39.1834,-84.5333,40.62,55,0,1.99,clear sky
11,Vaini,TO,-21.2,-175.2,80.06,78,100,11.12,light rain
12,Saint-Gabriel,CA,46.3001,-73.3824,17.83,67,100,8.93,overcast clouds
13,Dongsheng,CN,39.8161,109.9776,8.4,45,0,18.61,clear sky
14,Ribeira Grande,PT,38.5167,-28.7,59.4,58,40,20.71,scattered clouds
15,Ushuaia,AR,-54.8,-68.3,47.86,71,75,29.93,light intensity drizzle
16,Tasiilaq,GL,65.6145,-37.6368,8.76,37,94,22.75,overcast clouds
17,Tripoli,LY,32.8752,13.1875,54.9,70,5,11.3,clear sky
18,Puerto Escondido,MX,15.85,-97.0667,85.03,70,0,6.91,clear sky
19,Nabire,ID,-3.3667,135.4833,73.9,90,99,3.49,overcast clouds
20,Yellowknife,CA,62.456,-114.3525,-9.58,95,100,6.91,light snow
21,Manggar,ID,-2.8833,108.2667,78.13,80,100,5.48,overcast clouds
22,Puerto Ayora,EC,-0.7393,-90.3518,85.96,71,100,9.19,overcast clouds
23,Luderitz,NA,-26.6481,15.1594,68.14,81,88,3.6,overcast clouds
24,Port Lincoln,AU,-34.7333,135.8667,65.75,86,2,8.57,clear sky
25,Arraial Do Cabo,BR,-22.9661,-42.0278,85.96,70,40,11.5,thunderstorm
26,Butaritari,KI,3.0707,172.7902,81.91,76,55,22.1,light rain
27,Sao Jose Da Coroa Grande,BR,-8.8978,-35.1478,81.7,74,100,9.1,overcast clouds
28,San Andres,CO,12.5847,-81.7006,82.42,69,75,10.36,broken clouds
29,Marystown,CA,47.1666,-55.1483,39.85,100,96,11.99,overcast clouds
30,Hilo,US,19.7297,-155.09,77.25,59,40,5.75,scattered clouds
31,Mataura,NZ,-46.1927,168.8643,59.49,87,34,1.03,scattered clouds
32,Benguela,AO,-12.5763,13.4055,77.4,80,100,5.14,overcast clouds
33,Bubaque,GW,11.2833,-15.8333,78.17,68,14,16.75,few clouds
34,Fort Morgan,US,40.2503,-103.8,44.1,60,0,11.5,clear sky
35,Broome,US,42.2506,-75.833,23.22,60,100,1.99,overcast clouds
36,Cap-Aux-Meules,CA,47.3821,-61.8597,21.25,79,75,28.77,broken clouds
37,Kodiak,US,57.79,-152.4072,24.31,74,20,12.66,few clouds
38,Sao Filipe,CV,14.8961,-24.4956,71.76,71,100,14.16,overcast clouds
39,Airai,TL,-8.9266,125.4092,61.14,93,93,3.94,overcast clouds
40,Saint-Philippe,RE,-21.3585,55.7679,80.19,82,60,14.36,broken clouds
41,Taltal,CL,-25.4,-70.4833,68.34,71,32,7.61,scattered clouds
42,Albany,US,42.6001,-73.9662,22.75,36,37,1.01,scattered clouds
43,Mahebourg,MU,-20.4081,57.7,80.89,83,40,13.8,scattered clouds
44,Bambous Virieux,MU,-20.3428,57.7575,80.85,83,40,13.8,light rain
45,Valleyview,CA,55.0667,-117.2859,32.18,86,61,3.47,broken clouds
46,Clacton-On-Sea,GB,51.7897,1.156,43.81,80,100,8.01,overcast clouds
47,Saskylakh,RU,71.9167,114.0833,-21.21,100,100,2.98,overcast clouds
48,Dunedin,NZ,-45.8742,170.5036,62.8,87,0,5.01,clear sky
49,Tevriz,RU,57.509,72.4042,6.22,96,99,5.28,overcast clouds
50,East London,ZA,-33.0153,27.9116,75.04,83,91,15.84,overcast clouds
51,Busselton,AU,-33.65,115.3333,64.09,65,88,18.79,overcast clouds
52,Beloha,MG,-25.1667,45.05,73.58,72,97,14.27,overcast clouds
53,Avarua,CK,-21.2078,-159.775,71.65,94,75,18.41,haze
54,Atuona,PF,-9.8,-139.0333,77.85,76,18,14.23,few clouds
55,Saint George,US,37.1041,-113.5841,59.47,20,0,3.0,clear sky
56,Gorele,TR,41.0308,39.0031,53.04,69,85,8.99,overcast clouds
57,Georgetown,MY,5.4112,100.3354,82.89,88,20,1.99,few clouds
58,Kavieng,PG,-2.5744,150.7967,81.03,75,67,1.83,broken clouds
59,Fortuna,US,40.5982,-124.1573,55.92,80,0,4.61,clear sky
60,Nikolskoye,RU,59.7035,30.7861,28.4,96,100,7.14,snow
61,Dikson,RU,73.5069,80.5464,-3.96,94,100,21.03,overcast clouds
62,Lorengau,PG,-2.0226,147.2712,79.09,83,100,11.14,overcast clouds
63,Majene,ID,-3.5403,118.9707,77.47,83,100,4.7,overcast clouds
64,Tiarei,PF,-17.5333,-149.3333,80.62,76,62,11.23,light rain
65,Port Elizabeth,ZA,-33.918,25.5701,75.09,88,20,13.8,few clouds
66,Bada,RU,51.392,109.8717,-13.65,99,99,3.06,overcast clouds
67,Thompson,CA,55.7435,-97.8558,5.16,72,20,4.61,few clouds
68,Port Alfred,ZA,-33.5906,26.891,74.59,86,100,21.05,overcast clouds
69,Fredericksburg,US,38.3032,-77.4605,36.01,46,0,1.01,clear sky
70,La Ronge,CA,55.1001,-105.2842,12.45,79,100,9.22,overcast clouds
71,Tual,ID,-5.6667,132.75,83.88,76,100,20.71,overcast clouds
72,Nurota,UZ,40.5614,65.6886,30.29,77,6,6.15,clear sky
73,Champerico,GT,14.3,-91.9167,93.74,63,0,11.25,clear sky
74,Vallenar,CL,-28.5708,-70.7581,81.32,34,0,11.16,clear sky
75,Awjilah,LY,29.1081,21.2869,53.89,62,50,13.82,scattered clouds
76,Ketchikan,US,55.3422,-131.6461,37.38,93,40,5.75,scattered clouds
77,San Angelo,US,31.4638,-100.437,69.94,24,0,5.01,clear sky
78,Grand-Santi,GF,4.25,-54.3833,81.95,69,98,5.26,overcast clouds
79,Castro,BR,-24.7911,-50.0119,63.66,99,100,5.93,overcast clouds
80,Garachine,PA,8.0647,-78.3628,83.12,61,54,7.65,broken clouds
81,Karlstadt,DE,49.9603,9.7722,40.68,71,13,4.94,few clouds
82,Aconibe,GQ,1.2968,10.9369,69.1,79,100,2.89,overcast clouds
83,Brae,GB,60.3964,-1.353,39.11,93,100,16.64,overcast clouds
84,Kurilsk,RU,45.2333,147.8833,18.05,71,100,17.92,light snow
85,Khasan,RU,42.4308,130.6434,19.09,51,0,16.67,clear sky
86,Bandarbeyla,SO,9.4942,50.8122,75.67,74,77,15.1,broken clouds
87,Kapaa,US,22.0752,-159.319,75.47,70,20,5.01,few clouds
88,Havre-Saint-Pierre,CA,50.2334,-63.5986,12.79,78,100,17.27,overcast clouds
89,Soyo,AO,-6.1349,12.3689,79.27,86,100,7.23,light rain
90,Smolensk,RU,55.0,33.0,31.39,89,100,7.05,light snow
91,Upernavik,GL,72.7868,-56.1549,-5.06,65,100,9.51,overcast clouds
92,Birao,CF,10.2849,22.7882,71.26,17,72,6.13,broken clouds
93,Muros,ES,42.7762,-9.0603,55.9,77,0,4.0,clear sky
94,Bluff,NZ,-46.6,168.3333,59.81,88,100,4.05,overcast clouds
95,Tangier,MA,35.7806,-5.8137,58.35,77,0,16.11,clear sky
96,Cherskiy,RU,68.75,161.3,-26.0,98,100,3.22,overcast clouds
97,Pavlodar,KZ,52.3,76.95,8.4,85,75,8.95,broken clouds
98,Los Llanos De Aridane,ES,28.6585,-17.9182,60.55,85,8,4.0,clear sky
99,Bereda,ES,43.2686,-7.5406,45.88,99,11,3.29,few clouds
100,Bengkulu,ID,-3.8004,102.2655,75.76,91,100,4.0,moderate rain
101,San Patricio,US,28.017,-97.5169,73.49,48,14,12.41,few clouds
102,Ilulissat,GL,69.2167,-51.1,8.62,66,75,18.41,broken clouds
103,Flin Flon,CA,54.7682,-101.865,6.64,78,100,5.75,light snow
104,Aitape,PG,-3.1374,142.3475,76.19,90,100,9.95,overcast clouds
105,Yangambi,CD,0.8102,24.4336,74.88,37,88,1.14,overcast clouds
106,Requena,ES,39.4883,-1.1004,50.79,21,0,5.32,clear sky
107,Atar,MR,20.5169,-13.0499,82.06,10,100,6.82,overcast clouds
108,Moen,NO,69.1304,18.6123,23.07,84,0,1.14,clear sky
109,Yerbogachen,RU,61.2767,108.0108,-14.51,100,93,3.09,overcast clouds
110,Lubbock,US,33.6001,-101.8338,57.38,25,75,1.99,broken clouds
111,Verkhoyansk,RU,67.5447,133.385,-34.29,100,94,1.28,overcast clouds
112,Tigil,RU,57.8,158.6667,29.8,73,100,19.37,overcast clouds
113,Longyearbyen,SJ,78.2186,15.6401,8.44,66,0,19.57,clear sky
114,Pinega,RU,64.7001,43.3936,10.04,96,100,4.72,overcast clouds
115,Camacha,PT,33.0833,-16.3333,61.56,82,40,19.57,scattered clouds
116,Qaanaaq,GL,77.484,-69.3632,-7.87,71,100,8.3,overcast clouds
117,Punta Arenas,CL,-53.15,-70.9167,53.71,43,75,32.21,broken clouds
118,Kinsale,IE,51.7075,-8.5306,47.57,81,75,20.71,broken clouds
119,Victoria,HK,22.2855,114.1577,59.32,76,90,1.99,overcast clouds
120,Savinka,RU,50.0785,47.0994,27.73,93,100,11.07,overcast clouds
121,Beipiao,CN,41.7919,120.7792,17.64,45,100,3.0,overcast clouds
122,Drayton Valley,CA,53.2168,-114.9854,35.91,98,100,0.47,overcast clouds
123,Khatanga,RU,71.9667,102.5,-6.14,98,100,10.6,overcast clouds
124,Nanortalik,GL,60.1432,-45.2371,18.72,67,100,15.39,overcast clouds
125,Provideniya,RU,64.3833,-173.3,5.07,80,1,8.9,clear sky
126,Vestmannaeyjar,IS,63.4427,-20.2734,31.55,62,100,39.1,snow
127,Lasa,IT,46.6166,10.7002,46.31,59,17,7.45,few clouds
128,Margate,GB,51.3813,1.3862,42.96,79,100,4.0,overcast clouds
129,Kaitangata,NZ,-46.2817,169.8464,59.45,84,19,2.82,few clouds
130,New Norfolk,AU,-42.7826,147.0587,58.66,76,5,2.13,clear sky
131,Alghero,IT,40.5589,8.3181,55.49,76,75,6.91,broken clouds
132,Sovetskiy,RU,61.3614,63.5842,-7.46,100,99,2.95,overcast clouds
133,Tromso,NO,69.6496,18.957,23.02,74,0,14.97,clear sky
134,Ust-Kuyga,RU,70.0167,135.6,-32.84,99,99,5.39,overcast clouds
135,Gidam,IN,18.9833,81.4,57.99,34,1,1.68,clear sky
136,Saltillo,MX,25.4167,-101.0,70.47,39,0,9.22,clear sky
137,Talnakh,RU,69.4865,88.3972,-14.31,96,79,8.81,broken clouds
138,Dina,CA,52.9335,-110.0849,32.41,86,52,4.68,broken clouds
139,Gizo,SB,-8.103,156.8419,82.02,77,95,7.78,light rain
140,Grindavik,IS,63.8424,-22.4338,26.55,86,75,32.21,snow
141,North Platte,US,41.1239,-100.7654,56.12,21,0,4.0,clear sky
142,Kruisfontein,ZA,-34.0033,24.7314,72.88,91,95,8.37,overcast clouds
143,Aykhal,RU,66.0,111.5,-21.39,100,79,3.71,broken clouds
144,Beringovskiy,RU,63.05,179.3167,-12.01,100,100,8.93,overcast clouds
145,Henties Bay,NA,-22.116,14.2845,66.85,80,100,6.15,overcast clouds
146,Nicoya,CR,10.1483,-85.452,87.35,39,10,14.27,clear sky
147,Nisia Floresta,BR,-6.0911,-35.2086,86.81,69,17,11.34,few clouds
148,Suleja,NG,9.1758,7.1808,81.59,10,100,10.98,overcast clouds
149,Lavrentiya,RU,65.5833,-171.0,-5.39,89,4,4.7,clear sky
150,Reconquista,AR,-29.15,-59.65,94.91,17,0,7.72,clear sky
151,Edd,ER,13.9297,41.6925,80.24,59,20,17.52,few clouds
152,Weatherford,US,32.7593,-97.7972,71.04,22,85,1.01,overcast clouds
153,Karoi,ZW,-16.8099,29.6925,63.34,95,90,4.34,overcast clouds
154,Mahibadhoo,MV,3.7833,72.9667,82.24,75,100,11.86,overcast clouds
155,Torbay,CA,47.6666,-52.7314,45.37,80,100,32.21,overcast clouds
156,Motril,ES,36.7507,-3.5179,59.5,51,0,2.71,clear sky
157,Katsuura,JP,35.1333,140.3,41.02,55,100,11.56,overcast clouds
158,Nelson Bay,AU,-32.7167,152.15,73.0,96,53,4.56,broken clouds
159,Dondo,MZ,-19.6094,34.7431,78.31,80,50,4.92,scattered clouds
160,Luena,AO,-11.7833,19.9167,62.83,81,100,4.61,overcast clouds
161,Tortoli,IT,39.9256,9.6572,51.62,87,0,3.44,clear sky
162,Shahapur,IN,19.45,73.3333,74.68,38,0,2.51,clear sky
163,Lompoc,US,34.6391,-120.4579,72.84,40,0,0.0,clear sky
164,Hithadhoo,MV,-0.6,73.0833,81.61,70,100,7.78,overcast clouds
165,Sechura,PE,-5.5569,-80.8222,80.85,58,67,13.73,broken clouds
166,Khobi,GE,42.3156,41.8987,39.54,79,30,9.69,scattered clouds
167,Clyde River,CA,70.4692,-68.5914,-19.97,69,75,3.44,snow
168,Hofn,IS,64.2539,-15.2082,26.62,48,0,23.96,clear sky
169,Kizukuri,JP,40.8061,140.3861,22.1,71,100,19.13,light snow
170,Leningradskiy,RU,69.3833,178.4167,-10.5,93,100,1.57,overcast clouds
171,Gamba,GA,-2.65,10.0,78.01,84,100,3.51,overcast clouds
172,Chateauroux,FR,46.8167,1.7,46.4,93,100,5.75,overcast clouds
173,Lucapa,AO,-8.4192,20.7447,66.52,94,76,2.42,light rain
174,Padang,ID,-0.9492,100.3543,73.45,90,100,3.11,overcast clouds
175,Guanare,VE,9.0418,-69.7421,93.22,36,100,5.75,overcast clouds
176,Ponta Do Sol,PT,32.6667,-17.1,66.13,52,1,9.48,clear sky
177,Chuy,UY,-33.6971,-53.4616,78.87,53,64,13.62,broken clouds
178,Kroya,ID,-7.6331,109.2461,76.19,89,100,3.0,overcast clouds
179,Poum,NC,-20.2333,164.0167,79.84,77,100,9.66,overcast clouds
180,Methoni,GR,36.8197,21.7049,50.22,66,65,14.34,broken clouds
181,Okha,RU,53.5739,142.9478,9.55,93,100,21.99,light snow
182,Diffa,NE,13.3154,12.6113,67.12,19,0,9.48,clear sky
183,Srednekolymsk,RU,67.45,153.6833,-23.66,99,100,5.59,overcast clouds
184,Soto La Marina,MX,23.7667,-98.2167,73.78,42,45,15.21,scattered clouds
185,Cururupu,BR,-1.8283,-44.8683,76.71,91,98,5.39,overcast clouds
186,Gorontalo,ID,0.5412,123.0595,73.45,93,99,4.03,overcast clouds
187,Half Moon Bay,US,37.4636,-122.4286,64.15,79,0,3.0,haze
188,Salalah,OM,17.0151,54.0924,73.49,64,0,4.61,clear sky
189,San Cristobal,VE,7.7669,-72.225,71.78,56,99,6.13,overcast clouds
190,Mulege,MX,26.8833,-111.9833,70.84,33,73,7.38,broken clouds
191,Baruun-Urt,MN,46.6806,113.2792,-7.96,96,37,4.68,scattered clouds
192,Merauke,ID,-8.4667,140.3333,76.95,86,99,4.74,overcast clouds
193,Klaksvik,FO,62.2266,-6.589,34.72,97,100,18.57,overcast clouds
194,Cape Town,ZA,-33.9258,18.4232,69.12,82,0,5.99,clear sky
195,Esperance,AU,-33.8667,121.9,67.84,67,52,9.08,broken clouds
196,Arlit,NE,18.7369,7.3853,66.94,14,0,15.79,clear sky
197,Shenjiamen,CN,29.9576,122.298,41.07,63,4,12.97,clear sky
198,Kemijarvi,FI,66.7131,27.4306,-2.58,100,83,2.77,broken clouds
199,Mar Del Plata,AR,-38.0023,-57.5575,84.22,48,75,18.41,broken clouds
200,Redmond,US,47.674,-122.1215,50.31,85,100,3.0,overcast clouds
201,Port-Cartier,CA,50.0334,-66.8654,8.82,73,97,13.71,overcast clouds
202,Beruwala,LK,6.4788,79.9828,78.85,81,18,2.86,few clouds
203,Ahipara,NZ,-35.1667,173.1667,67.03,78,100,10.87,overcast clouds
204,Norman Wells,CA,65.282,-126.8329,-30.96,61,75,2.3,broken clouds
205,Cozumel,MX,20.5083,-86.9458,74.95,56,40,3.0,scattered clouds
206,Lewistown,US,40.5992,-77.5714,26.55,78,100,0.0,overcast clouds
207,Alofi,NU,-19.0595,-169.9187,75.09,94,100,3.44,overcast clouds
208,Kahului,US,20.8947,-156.47,77.85,57,0,5.75,clear sky
209,Jamestown,US,42.097,-79.2353,21.52,42,100,3.0,overcast clouds
210,Tilichiki,RU,60.4667,166.1,22.89,77,100,14.74,overcast clouds
211,Luwuk,ID,-0.9516,122.7875,77.61,80,100,4.23,overcast clouds
212,Touho,NC,-20.7833,165.2333,78.58,82,100,5.46,overcast clouds
213,Fare,PF,-16.7,-151.0167,80.08,73,64,9.26,broken clouds
214,Monrovia,LR,6.3005,-10.7969,82.17,83,43,10.27,scattered clouds
215,Cidreira,BR,-30.1811,-50.2056,75.99,62,0,17.25,clear sky
216,Warmbad,NA,-28.45,18.7333,84.96,38,91,8.46,overcast clouds
217,Zeya,RU,53.75,127.2667,-6.65,90,39,3.98,scattered clouds
218,Jacareacanga,BR,-6.2222,-57.7528,80.49,71,98,4.09,overcast clouds
219,Hermanus,ZA,-34.4187,19.2345,70.81,82,100,14.25,overcast clouds
220,Conchas,BR,-23.0153,-48.0106,67.01,94,100,6.13,light rain
221,Buala,SB,-8.145,159.5921,80.04,83,100,3.76,light rain
222,Americo Brasiliense,BR,-21.7244,-48.1017,68.31,94,100,0.89,light rain
223,Kununurra,AU,-15.7667,128.7333,80.58,78,100,10.36,overcast clouds
224,Lagoa,PT,39.05,-27.9833,57.9,69,18,23.82,few clouds
225,Moron,AR,-34.6534,-58.6198,89.02,47,1,5.99,clear sky
226,Sabha,LY,27.0377,14.4283,48.6,44,0,8.55,clear sky
227,Sao Joao Da Barra,BR,-21.6403,-41.0511,84.29,84,33,10.47,scattered clouds
228,Lozovik,RS,44.4677,21.1007,40.05,66,9,14.72,clear sky
229,Vila Velha,BR,-20.3297,-40.2925,84.15,70,75,9.22,thunderstorm
230,Belaya Gora,RU,68.5333,146.4167,-32.24,100,90,1.25,overcast clouds
231,Porto Novo,BJ,6.4965,2.6036,84.02,63,90,4.36,overcast clouds
232,Sleaford,GB,52.9983,-0.4094,44.85,81,20,17.27,few clouds
233,Santa Isabel Do Rio Negro,BR,-0.4139,-65.0192,86.11,62,100,4.0,overcast clouds
234,Novyy Urengoy,RU,66.0833,76.6333,-13.63,100,80,6.82,broken clouds
235,Nouakchott,MR,18.0858,-15.9785,69.73,65,100,17.43,overcast clouds
236,Sur,OM,22.5667,59.5289,71.91,64,0,1.61,clear sky
237,Madaoua,NE,14.073,5.96,71.02,11,0,15.52,clear sky
238,Tura,IN,25.5198,90.2201,52.59,60,5,3.4,clear sky
239,Mehamn,NO,71.0357,27.8492,32.18,63,79,22.41,broken clouds
240,Pangai,TO,-19.8,-174.35,80.83,74,100,7.61,light rain
241,Erzin,TR,36.9559,36.2,45.12,81,70,5.91,broken clouds
242,Sabya,SA,17.1495,42.6254,80.22,73,37,4.83,scattered clouds
243,Ciudad Bolivar,VE,8.1222,-63.5497,93.54,25,65,8.05,broken clouds
244,Bredasdorp,ZA,-34.5322,20.0403,70.92,78,100,10.36,overcast clouds
245,Mount Gambier,AU,-37.8333,140.7667,62.51,100,100,6.91,overcast clouds
246,Ladario,BR,-19.0047,-57.6017,89.89,62,75,8.05,broken clouds
247,Egvekinot,RU,66.3167,-179.1667,-0.24,63,63,7.76,broken clouds
248,Kankon,IN,15.0167,74.0167,75.0,62,5,7.31,clear sky
249,Lagunas,PE,-5.2269,-75.6753,88.61,44,92,3.65,overcast clouds
250,Canguaretama,BR,-6.38,-35.1289,86.49,70,16,13.29,few clouds
251,Chanasma,IN,23.7167,72.1167,60.84,56,0,2.3,clear sky
252,Saint-Augustin,CA,51.226,-58.6502,29.62,95,100,23.78,snow
253,Necochea,AR,-38.5473,-58.7368,70.03,69,100,16.06,overcast clouds
254,Raisio,FI,60.4859,22.169,26.08,86,75,9.22,broken clouds
255,Conakry,GN,9.538,-13.6773,82.47,83,25,9.22,haze
256,Pevek,RU,69.7008,170.3133,-12.41,96,100,3.44,overcast clouds
257,Flinders,AU,-34.5833,150.8552,71.19,87,46,5.99,scattered clouds
258,Port-Gentil,GA,-0.7193,8.7815,81.27,79,100,8.75,overcast clouds
259,Deputatskiy,RU,69.3,139.9,-24.59,99,79,3.06,broken clouds
260,Havelock,US,34.8791,-76.9013,44.06,38,5,8.01,clear sky
261,Kodinsk,RU,58.6881,99.1844,-7.94,100,100,0.31,overcast clouds
262,Suluktu,KG,39.9337,69.57,26.08,71,99,4.21,overcast clouds
263,Liwale,TZ,-9.7667,37.9333,68.85,99,100,0.16,light rain
264,Sumbe,AO,-11.2061,13.8437,77.88,86,100,6.67,overcast clouds
265,Bilibino,RU,68.0546,166.4372,-11.76,94,84,5.17,broken clouds
266,Lat Yao,TH,15.751,99.7893,75.51,45,8,4.79,clear sky
267,Kismayo,SO,-0.3582,42.5454,77.7,75,28,15.66,scattered clouds
268,Pedro Carbo,EC,-1.8333,-80.2333,78.28,94,100,4.21,light rain
269,Faanui,PF,-16.4833,-151.75,80.28,72,30,9.17,scattered clouds
270,Baijiantan,CN,45.6333,85.1833,4.78,95,100,2.33,overcast clouds
271,Esso,RU,55.9333,158.7,10.17,97,100,2.77,overcast clouds
272,Disna,BY,55.568,28.1971,30.33,98,100,4.05,overcast clouds
273,Kavaratti,IN,10.5669,72.642,81.34,72,15,10.92,few clouds
274,Safaga,EG,26.7292,33.9365,58.95,48,100,11.92,overcast clouds
275,Laredo,US,27.5064,-99.5075,71.6,43,0,9.22,clear sky
276,North Myrtle Beach,US,33.816,-78.68,51.03,46,0,14.97,clear sky
277,Lleida,ES,41.6167,0.6167,52.99,73,0,2.3,clear sky
278,Gracac,HR,44.3006,15.8547,36.39,81,0,5.64,clear sky
279,Alexandria,EG,31.2156,29.9553,55.36,71,40,6.91,scattered clouds
280,Saint-Pierre,RE,-21.3393,55.4781,78.48,78,5,12.66,clear sky
281,Leku,ET,6.8667,38.45,61.93,39,93,5.37,overcast clouds
282,Moree,AU,-29.4667,149.85,71.62,73,100,10.36,overcast clouds
283,Lesnoy,RU,57.6198,63.0784,7.43,97,100,2.26,overcast clouds
284,Matara,LK,5.9485,80.5353,75.85,92,18,7.18,few clouds
285,Saint Anthony,US,45.0205,-93.218,23.2,66,0,0.0,clear sky
286,Batemans Bay,AU,-35.7167,150.1833,72.19,94,46,2.55,scattered clouds
287,Stepnyak,KZ,52.8339,70.7803,7.27,92,96,15.28,overcast clouds
288,Izberbash,RU,42.5696,47.8645,33.85,66,25,4.41,scattered clouds
289,Bud,US,39.447,-86.1758,40.24,53,79,11.72,broken clouds
290,Xingyi,CN,24.1877,102.817,41.77,97,37,4.43,scattered clouds
291,Geraldton,AU,-28.7667,114.6,73.81,83,100,11.5,overcast clouds
292,Bethel,US,41.3712,-73.414,26.42,46,0,3.0,light snow
293,Chokurdakh,RU,70.6333,147.9167,-29.72,88,16,2.26,few clouds
294,Codrington,AU,-38.2667,141.9667,64.18,93,71,5.99,broken clouds
295,Bowen,AU,-20.0167,148.2333,77.22,89,48,7.18,scattered clouds
296,Bilma,NE,18.6853,12.9164,61.75,15,0,15.3,clear sky
297,Surt,LY,31.2089,16.5887,56.34,59,6,14.45,clear sky
298,Vardo,NO,70.3705,31.1107,28.38,80,75,5.75,broken clouds
299,Vostok,RU,46.4856,135.8833,-21.96,99,56,3.47,broken clouds
300,Willemstad,CW,12.1084,-68.9335,84.11,65,40,8.05,scattered clouds
301,Constitucion,CL,-35.3333,-72.4167,69.12,65,9,19.82,clear sky
302,Lamu,KE,-2.2717,40.902,79.02,82,94,12.73,overcast clouds
303,Naze,JP,28.3667,129.4833,52.54,67,100,20.62,overcast clouds
304,Banda Aceh,ID,5.5577,95.3222,76.37,83,78,7.72,broken clouds
305,Ukiah,US,39.1502,-123.2078,63.03,50,0,0.0,clear sky
306,Otjimbingwe,NA,-22.35,16.1333,72.63,75,100,7.67,light rain
307,Yulara,AU,-25.2406,130.9889,73.24,100,100,10.36,light rain
308,Santa Cruz,BO,-17.8,-63.1667,96.26,31,40,9.22,scattered clouds
309,Quatre Cocos,MU,-20.2078,57.7625,80.71,83,100,17.09,light rain
310,Shitanjing,CN,39.2342,106.3439,11.14,34,0,4.32,clear sky
311,Aswan,EG,24.0934,32.907,58.3,33,0,4.61,clear sky
312,Komsomolets,KZ,53.7453,62.0708,4.12,97,33,6.46,scattered clouds
313,Mackenzie,CA,55.2999,-123.1698,34.02,86,100,12.66,overcast clouds
314,Rawson,AR,-43.3002,-65.1023,62.1,41,53,18.03,broken clouds
315,Mangla,PK,31.8931,72.3817,54.05,35,0,2.37,clear sky
316,San Pedro,PH,14.35,121.0167,79.11,84,75,2.3,broken clouds
317,Koster,ZA,-25.863,26.8976,60.8,87,100,4.56,overcast clouds
318,Namie,JP,37.4833,141.0,31.96,75,10,14.58,clear sky
319,Carnarvon,AU,-24.8667,113.6333,78.87,83,88,19.57,overcast clouds
320,Presidencia Roque Saenz Pena,AR,-26.7852,-60.4388,102.02,10,0,5.59,clear sky
321,Da Lat,VN,11.9465,108.4419,59.14,97,97,1.99,overcast clouds
322,Berbera,SO,10.4396,45.0143,74.8,65,21,8.32,few clouds
323,Saint-Georges,GD,12.0564,-61.7485,82.08,74,75,19.57,broken clouds
324,Rosa Zarate,EC,0.3333,-79.4667,80.33,78,100,4.5,light rain
325,Lebu,CL,-37.6167,-73.65,62.22,62,1,17.65,clear sky
326,Avera,US,33.194,-82.5271,58.75,37,2,17.11,clear sky
327,Bolu,TR,40.6667,31.5833,27.55,94,100,5.08,light snow
328,Thunder Bay,CA,48.4001,-89.3168,18.55,68,75,5.75,broken clouds
329,Iqaluit,CA,63.7506,-68.5145,-11.47,77,75,4.61,broken clouds
330,Mantua,IT,45.1667,10.7833,47.28,85,0,1.99,clear sky
331,Tete,MZ,-16.1564,33.5867,78.89,78,40,5.75,scattered clouds
332,Nhulunbuy,AU,-12.2333,136.7667,81.21,89,40,12.66,scattered clouds
333,Ughelli,NG,5.4899,6.0074,76.57,42,100,4.88,overcast clouds
334,Strezhevoy,RU,60.7333,77.5889,4.98,94,100,9.24,overcast clouds
335,Haines Junction,CA,60.7522,-137.5108,8.55,66,98,10.36,overcast clouds
336,Fairbanks,US,64.8378,-147.7164,-20.4,72,20,0.0,few clouds
337,Cap Malheureux,MU,-19.9842,57.6142,81.09,77,98,1.99,overcast clouds
338,Kyren,RU,51.6828,102.1408,-5.53,83,35,1.66,scattered clouds
339,Ghanzi,BW,-21.5667,21.7833,70.59,77,100,11.77,light rain
340,Te Anau,NZ,-45.4167,167.7167,59.61,85,29,0.51,scattered clouds
341,Guerrero Negro,MX,27.9769,-114.0611,64.87,55,98,14.83,overcast clouds
342,Teshie,GH,5.5836,-0.1072,82.96,61,100,5.75,haze
343,Xining,CN,36.6167,101.7667,8.38,71,6,1.77,clear sky
344,Mastic Beach,US,40.7668,-72.8521,28.2,49,0,3.0,clear sky
345,Mareeba,AU,-17.0,145.4333,71.44,93,100,1.79,overcast clouds
346,Fomboni,KM,-12.28,43.7425,82.42,68,2,5.01,clear sky
347,Narasannapeta,IN,18.4167,84.05,66.24,79,0,3.2,clear sky
348,Hobyo,SO,5.3505,48.5268,76.87,77,97,17.34,overcast clouds
349,Victoriaville,CA,46.0501,-71.9658,18.54,88,100,11.03,overcast clouds
350,Neuquen,AR,-38.9516,-68.0591,80.49,18,0,14.97,clear sky
351,Abaza,RU,52.655,90.0928,-5.37,98,37,3.56,scattered clouds
352,Melbu,NO,68.5044,14.8297,30.22,80,75,11.5,broken clouds
353,Tokoroa,NZ,-38.2333,175.8667,67.14,79,60,1.99,broken clouds
354,Anadyr,RU,64.75,177.4833,-19.7,75,40,4.0,fog
355,Borazjan,IR,29.2666,51.2159,58.33,49,90,0.85,overcast clouds
356,Phan Thiet,VN,10.9333,108.1,73.94,84,100,7.43,overcast clouds
357,Wexford,IE,52.3342,-6.4575,48.22,78,86,19.22,overcast clouds
358,Shimoda,JP,34.6667,138.95,36.1,63,98,9.26,overcast clouds
359,Andros Town,BS,24.7,-77.7667,66.16,56,83,13.02,broken clouds
360,Bow Island,CA,49.8668,-111.3684,46.69,42,100,16.11,overcast clouds
361,Acapulco,MX,16.8634,-99.8901,84.02,70,0,10.36,clear sky
362,Picota,PE,-6.9197,-76.3304,91.89,53,89,4.99,overcast clouds
363,Kayerkan,RU,69.3497,87.7602,-17.07,96,74,7.58,broken clouds
364,Shu,KZ,43.5983,73.7614,30.29,81,7,3.27,clear sky
365,Cabedelo,BR,-6.9811,-34.8339,86.67,70,51,13.8,broken clouds
366,Thurso,GB,58.5927,-3.5259,41.25,85,100,11.43,overcast clouds
367,Raga,SS,8.4596,25.678,70.68,19,71,3.56,broken clouds
368,Boffa,GN,10.1667,-14.0333,79.5,80,44,5.95,scattered clouds
369,Aklavik,CA,68.2191,-135.0107,5.0,72,100,10.36,light snow
370,Praia,CV,14.9215,-23.5087,70.34,68,75,19.57,broken clouds
371,Roma,US,43.2128,-75.4557,23.13,42,0,4.61,clear sky
372,Veshenskaya,RU,49.6303,41.7334,31.71,93,100,16.51,light snow
373,Pacific Grove,US,36.6177,-121.9166,66.63,57,0,1.01,clear sky
374,Toktogul,KG,41.8708,72.9402,22.15,66,100,2.46,overcast clouds
375,Tongzi,CN,28.7829,105.0877,44.11,84,99,0.69,overcast clouds
376,Mountain Home,US,43.133,-115.6912,26.42,93,0,6.91,clear sky
377,Saldanha,ZA,-33.0117,17.9442,69.85,90,64,12.12,broken clouds
378,Kigorobya,UG,1.6162,31.3089,77.63,39,100,1.86,overcast clouds
379,Dingle,PH,10.9995,122.6711,74.79,93,52,3.56,broken clouds
380,Qom,IR,34.6401,50.8764,42.19,35,0,4.85,clear sky
381,Akdepe,TM,42.0551,59.3788,28.49,70,100,10.16,overcast clouds
382,Mwinilunga,ZM,-11.7358,24.4293,63.93,97,100,6.35,light rain
383,Nemuro,JP,43.3236,145.575,15.87,68,21,13.65,few clouds
384,Douglas,US,41.3,-96.167,39.97,56,0,1.99,clear sky
385,Sorland,NO,67.667,12.6934,33.66,47,97,9.78,overcast clouds
386,Baykit,RU,61.67,96.37,-7.83,100,100,0.22,overcast clouds
387,Batagay,RU,67.6333,134.6333,-34.51,99,82,1.99,broken clouds
388,Sitka,US,57.0531,-135.33,37.29,70,100,10.36,overcast clouds
389,Dolores,AR,-36.3132,-57.6792,84.47,43,64,10.87,broken clouds
390,Vao,NC,-22.6667,167.4833,78.98,87,100,7.45,overcast clouds
391,Porlamar,VE,10.958,-63.8491,80.69,78,44,11.5,scattered clouds
392,Calvia,ES,39.5657,2.5062,52.41,62,0,6.22,clear sky
393,Ancud,CL,-41.8697,-73.8203,62.13,55,42,12.41,scattered clouds
394,Evensk,RU,61.95,159.2333,20.35,78,100,25.93,overcast clouds
395,Borskoye,RU,53.0333,51.7167,28.11,96,99,11.23,light snow
396,Maiduguri,NG,11.8464,13.1603,65.79,21,1,7.7,clear sky
397,Zhanakorgan,KZ,43.9098,67.2495,24.21,73,46,7.27,scattered clouds
398,Drexel Heights,US,32.1412,-111.0284,68.58,21,0,7.0,clear sky
399,Lianzhou,CN,24.7811,112.3825,41.4,87,100,3.31,light rain
400,Tabas,IR,33.5959,56.9244,45.82,28,0,2.15,clear sky
401,Diego De Almagro,CL,-26.3667,-70.05,78.15,24,0,15.05,clear sky
402,Rio Tuba,PH,8.5061,117.4317,80.22,78,10,4.34,clear sky
403,Souillac,MU,-20.5167,57.5167,80.98,83,40,13.8,light rain
404,Iiyama,JP,36.85,138.3667,30.76,96,100,1.36,light snow
405,Pendleton,US,45.6721,-118.7886,46.99,80,0,9.22,clear sky
406,Mackay,AU,-21.15,149.2,78.78,89,40,12.66,scattered clouds
407,Upata,VE,8.0086,-62.3989,88.77,31,90,7.11,overcast clouds
408,Susanville,US,40.4163,-120.653,47.8,50,0,4.0,clear sky
409,Mangrol,IN,21.1167,70.1167,67.08,61,0,10.33,clear sky
410,Waingapu,ID,-9.6567,120.2641,79.12,81,100,10.4,overcast clouds
411,Kimbe,PG,-5.5502,150.1429,75.85,94,91,1.5,light rain
412,Aksu,CN,41.1231,80.2644,22.21,51,5,0.43,clear sky
413,Quang Ngai,VN,15.1167,108.8,72.09,94,100,3.47,overcast clouds
414,Wuwei,CN,37.9281,102.6414,15.69,49,10,4.18,clear sky
415,Ayan,RU,56.45,138.1667,0.93,68,100,16.93,overcast clouds
416,Auki,SB,-8.7676,160.7034,77.86,87,96,3.51,moderate rain
417,Velikiy Ustyug,RU,60.7644,46.3106,-1.62,100,83,4.32,snow
418,Alugan,PH,12.2188,125.4808,77.94,84,11,3.15,few clouds
419,Megion,RU,61.0296,76.1136,5.02,95,100,9.19,overcast clouds
420,Severo-Kurilsk,RU,50.6789,156.125,26.37,92,100,13.2,light snow
421,Grand Gaube,MU,-20.0064,57.6608,81.0,77,100,5.01,overcast clouds
422,Abbeville,FR,50.1,1.8333,44.56,89,100,8.32,overcast clouds
423,Pandan,PH,14.0453,124.1694,76.64,89,11,9.37,few clouds
424,Rundu,NA,-17.9333,19.7667,67.12,92,100,5.06,light rain
425,Usinsk,RU,65.9939,57.5281,8.58,96,100,9.57,overcast clouds
426,Matagami,CA,49.7502,-77.6328,-2.09,71,75,9.22,broken clouds
427,Neufchateau,FR,48.35,5.7,40.66,90,5,2.55,clear sky
428,Maniitsoq,GL,65.4167,-52.9,13.37,82,100,3.67,light snow
429,Kedrovyy,RU,56.1667,91.8167,-12.14,96,33,3.18,scattered clouds
430,Narsipatnam,IN,17.6667,82.6167,65.61,67,2,3.02,clear sky
431,Jeremie,HT,18.65,-74.1167,77.05,78,76,11.7,broken clouds
432,Kirkenaer,NO,60.4564,12.0582,27.88,81,11,3.58,few clouds
433,Evanston,US,42.0411,-87.6901,32.11,73,75,3.0,broken clouds
434,Kristiansund,NO,63.1115,7.732,32.05,86,75,2.3,broken clouds
435,Lodwar,KE,3.1191,35.5973,85.78,34,94,9.19,overcast clouds
436,Hasaki,JP,35.7333,140.8333,30.6,51,100,14.45,overcast clouds
437,Isla Mujeres,MX,21.2311,-86.731,71.17,58,100,10.47,overcast clouds
438,Puerto Morazan,NI,12.8504,-87.1717,93.78,31,91,7.78,overcast clouds
439,Olbia,IT,40.9214,9.4856,50.05,76,0,4.61,clear sky
440,College,US,64.8569,-147.8028,-23.35,71,40,3.44,scattered clouds
441,San Quintin,MX,30.4833,-115.95,64.02,48,0,7.29,clear sky
442,Tangi,PK,34.3006,71.6536,50.0,40,12,3.78,few clouds
443,Kloulklubed,PW,7.0419,134.2556,82.24,69,99,13.09,overcast clouds
444,Iquitos,PE,-3.7481,-73.2472,87.84,62,0,4.61,clear sky
445,Novoagansk,RU,61.9449,76.6625,7.61,94,100,7.49,overcast clouds
446,Tiksi,RU,71.6872,128.8694,-17.84,100,98,4.43,overcast clouds
447,San Vicente,AR,-26.6167,-54.1333,84.43,39,41,5.77,scattered clouds
448,Christchurch,NZ,-43.5333,172.6333,68.02,74,23,1.99,few clouds
449,Bantou,CN,26.2151,117.4893,38.82,87,52,1.74,broken clouds
450,Charlestown,AU,-32.95,151.6667,72.73,95,48,1.99,scattered clouds
451,Rudnichnyy,RU,59.617,52.4703,-1.25,99,58,2.98,broken clouds
452,Moses Lake,US,47.1301,-119.2781,30.61,86,100,5.75,mist
453,Pajapan,MX,18.25,-94.7,66.42,84,99,1.92,overcast clouds
454,Saint-Felicien,CA,48.6501,-72.4491,9.28,40,20,18.41,few clouds
455,Axim,GH,4.8699,-2.2405,79.9,81,100,8.79,overcast clouds
456,Jijiga,ET,9.35,42.8,59.27,40,41,8.46,scattered clouds
457,Praia Da Vitoria,PT,38.7333,-27.0667,59.25,82,75,23.49,broken clouds
458,Rongai,KE,-0.1733,35.8638,61.86,63,62,1.83,broken clouds
459,Macia,MZ,-25.0269,33.0989,71.67,88,65,4.79,broken clouds
460,Tuapse,RU,44.1125,39.0742,41.49,78,100,23.82,moderate rain
461,Ossora,RU,59.2353,163.0719,30.94,89,100,20.29,light snow
462,Saint-Joseph,RE,-21.3667,55.6167,77.38,80,30,13.8,scattered clouds
463,Ruteng,ID,-8.6136,120.4721,62.89,93,100,2.21,overcast clouds
464,Fortuna Foothills,US,32.6578,-114.4119,70.7,9,0,4.0,clear sky
465,Yenagoa,NG,4.9247,6.2642,76.8,55,55,5.5,broken clouds
466,Three Hills,CA,51.7001,-113.2686,45.48,44,72,8.72,broken clouds
467,Mizdah,LY,31.4451,12.9801,45.5,74,0,6.22,clear sky
468,Miesbach,DE,47.789,11.8338,35.96,95,86,2.35,overcast clouds
469,Poplar Bluff,US,36.757,-90.3929,55.13,30,0,11.5,clear sky
470,Conde,BR,-7.2597,-34.9075,85.46,70,40,16.11,scattered clouds
471,Frystak,CZ,49.2852,17.6835,41.04,71,85,5.99,overcast clouds
472,Rockland,US,41.1668,-74.0496,26.96,43,14,1.99,few clouds
473,Longfeng,CN,46.55,125.1167,-12.05,100,19,1.3,few clouds
474,Coquimbo,CL,-29.9533,-71.3436,69.53,68,20,13.8,few clouds
475,Antofagasta,CL,-23.65,-70.4,71.22,64,9,10.69,clear sky
476,Kampong Chhnang,KH,12.1667,104.55,74.91,85,51,8.19,broken clouds
477,Taoudenni,ML,22.6783,-3.9836,76.62,14,96,15.1,overcast clouds
478,Ziarat,PK,30.3823,67.7282,36.12,59,2,6.71,clear sky
479,Iquique,CL,-20.2208,-70.1431,73.44,68,1,3.27,clear sky
480,Zaysan,KZ,47.4667,84.8667,5.04,91,100,1.97,overcast clouds
481,Vengerovo,RU,55.6848,76.7471,10.63,97,93,6.8,overcast clouds
482,Ust-Kan,RU,50.9276,84.761,5.41,88,100,3.29,overcast clouds
483,Jardim,BR,-21.4803,-56.1381,85.6,60,76,7.52,broken clouds
484,Veraval,IN,20.9,70.3667,67.21,61,0,10.47,clear sky
485,Iwanai,JP,42.9744,140.5089,19.2,65,100,10.04,light snow
486,Vilhena,BR,-12.7406,-60.1458,75.42,88,75,13.8,broken clouds
487,Olinda,BR,-8.0089,-34.8553,83.93,74,40,10.36,scattered clouds
488,Yar-Sale,RU,66.8333,70.8333,-1.25,95,100,7.65,overcast clouds
489,Tarko-Sale,RU,64.9225,77.785,1.33,97,98,8.1,overcast clouds
490,Ruidoso,US,33.3317,-105.673,53.91,29,75,11.5,broken clouds
491,Tuy Hoa,VN,13.0833,109.3,73.51,89,61,4.45,broken clouds
492,Lima,PE,-12.0432,-77.0282,75.9,73,0,1.01,light rain
493,Karratha,AU,-20.7377,116.8463,82.08,64,72,20.24,broken clouds
494,Bairiki,KI,1.3292,172.9752,81.82,77,89,19.17,light rain
495,Tezu,IN,27.9167,96.1667,52.43,53,31,3.87,scattered clouds
496,Hudson Bay,CA,52.85,-102.3842,30.43,85,84,5.86,broken clouds
497,Wake Forest,US,35.9799,-78.5097,46.26,27,100,3.0,overcast clouds
498,Paranaiba,BR,-19.6772,-51.1908,75.0,81,99,10.74,overcast clouds
499,Sistranda,NO,63.7256,8.834,32.9,52,100,4.0,light snow
500,Mango,US,27.9797,-82.3065,59.32,34,0,3.44,clear sky
501,Palafrugell,ES,41.9174,3.1631,51.13,65,1,0.54,clear sky
502,Manokwari,ID,-0.8667,134.0833,77.18,74,100,8.12,overcast clouds
503,Pangnirtung,CA,66.1451,-65.7125,-18.4,63,40,0.0,scattered clouds
504,Muscat,OM,23.6139,58.5922,71.62,64,0,6.71,clear sky
505,Caravelas,BR,-17.7125,-39.2481,82.99,75,25,12.24,scattered clouds
506,Kansanshi,ZM,-12.0951,26.4273,62.28,97,100,3.53,light rain
507,Port Hawkesbury,CA,45.6169,-61.3485,28.9,65,75,7.0,broken clouds
508,Cayenne,GF,4.9333,-52.3333,78.84,89,75,1.99,broken clouds
509,Bismarck,US,46.8083,-100.7837,38.86,67,0,1.99,clear sky
510,Bezopasnoye,RU,45.6483,41.936,36.57,82,96,12.64,overcast clouds
511,Sawakin,SD,19.1059,37.3321,70.36,65,23,8.55,few clouds
512,Cockburn Town,TC,21.4612,-71.1419,75.16,69,75,13.8,broken clouds
513,Belyy Yar,RU,53.6039,91.3903,-20.15,82,100,2.24,mist
514,East Liverpool,US,40.6187,-80.5773,29.59,60,100,1.99,overcast clouds
515,Honiara,SB,-9.4333,159.95,78.39,86,100,1.36,moderate rain
516,Chaohu,CN,31.6,117.8667,32.11,71,100,1.72,overcast clouds
517,Afua,BR,-0.1567,-50.3867,77.79,92,95,5.19,heavy intensity rain
518,Maun,BW,-19.9833,23.4167,68.9,87,98,8.19,overcast clouds
519,Ust-Kulom,RU,61.6864,53.6902,-6.32,100,93,2.64,overcast clouds
520,Barreirinha,BR,-2.7933,-57.07,78.66,83,100,1.12,overcast clouds
521,Nagaur,IN,27.2,73.7333,62.1,42,0,8.63,clear sky
522,Tautira,PF,-17.7333,-149.15,80.62,77,89,11.63,overcast clouds
523,Farafangana,MG,-22.8167,47.8333,74.93,79,12,4.63,few clouds
524,Les Cayes,HT,18.2,-73.75,83.84,55,41,2.1,scattered clouds
525,Narsaq,GL,60.9167,-46.05,10.62,65,100,11.99,overcast clouds
526,Vanimo,PG,-2.6741,141.3028,76.33,89,100,7.58,overcast clouds
527,Bonthe,SL,7.5264,-12.505,79.54,77,8,10.94,clear sky
528,Tambo,PE,-14.8,-73.9167,38.88,77,100,10.6,overcast clouds
529,Berlevag,NO,70.8578,29.0864,30.15,93,75,13.8,light snow
530,Wloclawek,PL,52.6482,19.0678,37.42,63,95,24.25,overcast clouds
531,Olafsvik,IS,64.8945,-23.7142,29.21,57,100,38.12,overcast clouds
532,Vredendal,ZA,-31.6683,18.5012,79.29,39,100,5.99,overcast clouds
533,Mumford,GH,5.2618,-0.759,79.09,77,100,5.73,overcast clouds
534,Fort Nelson,CA,58.8053,-122.7002,0.99,78,100,6.91,light snow
535,Dromolaxia,CY,34.8761,33.586,54.68,85,75,0.0,broken clouds
536,George Town,MY,5.4112,100.3354,80.53,93,20,1.99,few clouds
537,Isangel,VU,-19.55,169.2667,80.71,89,100,11.5,overcast clouds
538,Ixtapa,MX,20.7,-105.2,88.07,28,19,7.52,few clouds
539,Newport,GB,51.5877,-2.9984,49.55,90,100,3.0,overcast clouds
540,Makubetsu,JP,45.3714,141.8211,15.6,66,100,5.91,light snow
541,Kargasok,RU,59.0556,80.8572,8.04,92,100,8.75,overcast clouds
542,Sucua,EC,-2.4667,-78.1667,74.14,83,75,4.61,light rain
543,Tokur,RU,53.1333,132.9,-19.46,100,100,2.42,overcast clouds
544,La Palma,US,33.8464,-118.0467,76.03,40,0,7.0,clear sky
545,Whitehorse,CA,60.7161,-135.0538,8.1,65,75,8.99,light snow
546,Awbari,LY,26.5921,12.7805,48.09,44,0,5.64,clear sky
547,Mulchen,CL,-37.7167,-72.2333,78.66,27,5,6.26,clear sky
548,Mogadishu,SO,2.0371,45.3438,77.31,82,100,22.1,overcast clouds
549,Touros,BR,-5.1989,-35.4608,86.9,71,96,13.09,overcast clouds
550,Bogo,PH,11.0517,124.0055,76.95,85,13,1.95,few clouds
551,Richards Bay,ZA,-28.783,32.0377,71.29,85,95,5.77,overcast clouds
552,Bathsheba,BB,13.2167,-59.5167,83.01,61,40,19.57,scattered clouds
553,Morgan City,US,29.6994,-91.2068,66.2,48,0,14.97,clear sky
554,Ruwi,OM,23.5996,58.5507,72.12,64,0,6.22,clear sky
555,Quarteira,PT,37.0695,-8.1006,56.97,35,0,6.91,clear sky
556,Shuangyang,CN,43.5242,125.6736,-4.04,91,4,2.82,clear sky
557,Lutry,CH,46.5024,6.6865,39.87,88,4,4.12,clear sky
558,Okhotsk,RU,59.3833,143.3,14.79,72,100,19.64,overcast clouds
559,Byron Bay,AU,-28.65,153.6167,73.35,88,69,7.36,broken clouds
560,Elliot,ZA,-31.3333,27.85,62.08,86,93,1.77,overcast clouds
561,Juneau,US,58.3019,-134.4197,35.6,94,100,6.91,snow
562,Ransang,PH,8.9603,117.5828,77.94,85,6,4.23,clear sky
563,Acarau,BR,-2.8856,-40.12,75.51,83,100,12.15,light rain
564,Lozuvatka,UA,48.0571,33.2858,28.71,95,63,12.53,broken clouds
565,Sakaiminato,JP,35.55,133.2333,33.78,100,75,5.75,broken clouds
566,Corrente,BR,-3.7367,-43.3394,76.93,78,98,3.22,overcast clouds
567,Kefamenanu,ID,-9.4467,124.4781,71.37,93,94,5.91,overcast clouds
568,Omboue,GA,-1.5746,9.2618,78.91,82,100,4.07,overcast clouds
569,Pimentel,PE,-6.8367,-79.9342,79.09,53,0,17.27,clear sky
570,Alihe,CN,50.5667,123.7167,-8.37,97,14,3.24,few clouds
571,Gasa,PS,31.5,34.4667,51.91,67,0,5.57,clear sky
572,Spasskoye,RU,44.6108,132.7969,-0.6,98,100,1.92,overcast clouds
573,Wana,PK,32.2989,69.5725,46.13,55,0,6.73,clear sky
574,Rotterdam,NL,51.9225,4.4792,42.89,76,100,10.36,overcast clouds
575,Natal,BR,-5.795,-35.2094,86.65,70,40,16.11,scattered clouds
576,Camana,PE,-16.6228,-72.7111,73.78,66,32,8.59,scattered clouds
577,Alice Springs,AU,-23.7,133.8833,72.95,100,100,8.05,overcast clouds
578,Myre,NO,69.1036,15.9492,28.35,67,100,14.38,light snow
579,Wyndham,US,37.6985,-77.6125,39.02,46,100,1.99,overcast clouds
580,Bambanglipuro,ID,-7.95,110.2833,62.6,89,100,3.51,overcast clouds
581,Fukue,JP,32.6881,128.8419,45.34,56,6,23.09,clear sky
582,Launceston,AU,-41.45,147.1667,58.6,91,5,1.99,clear sky
583,Karonga,MW,-9.9333,33.9333,73.47,86,100,3.22,moderate rain
584,Tazovskiy,RU,67.4667,78.7,-10.41,98,99,8.19,overcast clouds
585,Killybegs,IE,54.6333,-8.45,46.11,77,100,30.02,overcast clouds
586,Rajpur,IN,22.3,74.35,63.48,27,0,3.74,clear sky
587,Sicamous,CA,50.8331,-118.9856,34.29,91,100,3.98,overcast clouds
588,Buraydah,SA,26.326,43.975,59.45,34,94,15.93,overcast clouds
589,Singaparna,ID,-7.3515,108.111,71.6,96,100,2.24,overcast clouds
590,Idlib,SY,35.9306,36.6339,39.63,87,100,6.4,overcast clouds
591,Hovd,MN,48.0056,91.6419,-13.34,80,20,2.01,few clouds
592,Coihaique,CL,-45.5752,-72.0662,59.61,45,31,12.71,scattered clouds
593,Sibolga,ID,1.7427,98.7792,76.41,90,100,3.15,overcast clouds
594,Tabatinga,BR,-4.2525,-69.9381,91.49,52,75,9.22,broken clouds
595,Nishihara,JP,26.1842,127.7558,56.86,57,75,23.02,broken clouds
596,Husavik,IS,66.0449,-17.3389,24.71,76,25,22.06,scattered clouds
597,Ural,RU,55.9078,94.7464,-15.16,100,83,1.63,broken clouds
598,Conceicao Do Araguaia,BR,-8.2578,-49.2647,80.46,77,100,4.47,overcast clouds
599,Howard Springs,AU,-12.497,131.047,84.11,93,100,13.91,overcast clouds
600,Winnemucca,US,40.973,-117.7357,39.25,38,0,3.44,clear sky
601,Sioux Lookout,CA,50.1001,-91.917,5.38,92,100,4.61,overcast clouds
602,Pouebo,NC,-20.4,164.5667,77.68,85,100,4.16,overcast clouds
603,Harper,LR,4.375,-7.7169,80.2,83,67,7.43,broken clouds
604,Krasnoselkup,RU,65.7,82.4667,-5.08,98,96,8.19,overcast clouds
605,Nuuk,GL,64.1835,-51.7216,5.02,79,100,10.63,overcast clouds
606,Broken Hill,AU,-31.95,141.4333,78.51,65,100,4.61,overcast clouds
607,Fort Portal,UG,0.6617,30.2748,72.23,35,96,2.59,overcast clouds
608,Bibiani,GH,6.4635,-2.3194,77.07,20,81,2.91,broken clouds
609,Shwebo,MM,22.5667,95.7,58.98,59,1,6.44,clear sky
610,Marysville,US,48.0518,-122.1771,49.44,90,100,1.01,overcast clouds
611,Coos Bay,US,43.3665,-124.2179,54.14,100,100,9.22,overcast clouds
612,Dryden,CA,49.7833,-92.7503,5.29,85,75,6.91,broken clouds
613,Adrar,MR,20.5022,-10.0711,78.6,11,99,8.19,overcast clouds
614,Hami,CN,42.8,93.45,23.72,40,100,1.25,overcast clouds
615,Shangrao,CN,28.4532,117.9686,33.87,94,7,2.8,clear sky
616,Prince Rupert,CA,54.3161,-130.3201,37.49,93,100,5.75,overcast clouds
617,Zhangye,CN,38.9342,100.4517,16.23,43,69,1.23,broken clouds
618,Kuytun,RU,54.3419,101.5036,-6.97,99,100,2.44,overcast clouds
619,Gladstone,AU,-23.85,151.25,75.13,83,19,3.44,few clouds
620,Batagay-Alyta,RU,67.8006,130.4114,-20.27,95,63,2.21,broken clouds
621,Dangriga,BZ,16.9692,-88.2321,76.98,61,1,11.86,clear sky
622,Morondava,MG,-20.2833,44.2833,82.6,73,34,11.61,scattered clouds
623,Mao,ES,39.8885,4.2658,50.56,81,0,6.91,clear sky
624,Kudat,MY,6.8837,116.8477,77.29,94,20,0.0,few clouds
625,Metu,ET,8.3,35.5833,68.16,41,96,2.86,overcast clouds
626,Ambulu,ID,-8.345,113.6058,76.32,91,100,2.93,overcast clouds
627,Tingi,TZ,-11.3,35.0333,62.98,92,67,1.61,light rain
628,Mitu,CO,1.1983,-70.1733,92.35,29,6,5.17,clear sky
629,Jian,CN,27.1172,114.9793,41.14,76,100,4.7,light rain
630,Skibbereen,IE,51.55,-9.2667,46.2,74,100,17.36,overcast clouds
631,Sosnogorsk,RU,63.6023,53.8817,6.06,96,100,4.99,overcast clouds
632,Anzhero-Sudzhensk,RU,56.081,86.0285,6.46,97,35,4.21,scattered clouds
633,Bokoro,TD,12.3807,17.0568,70.23,15,0,12.8,clear sky
634,Sambava,MG,-14.2667,50.1667,78.21,86,69,12.77,broken clouds
635,Tetiyiv,UA,49.3767,29.6647,32.04,97,98,16.73,light snow
636,Taga,RO,46.95,24.05,39.69,88,96,25.23,overcast clouds
637,Samarai,PG,-10.6167,150.6667,80.67,77,99,7.72,overcast clouds
638,Alberdi,AR,-32.8899,-60.6906,95.16,30,0,4.0,clear sky
639,Mezokovesd,HU,47.8167,20.5833,38.93,66,13,24.72,few clouds
640,Tucumcari,US,35.1717,-103.725,52.95,17,100,4.76,overcast clouds
641,Terenos,BR,-20.4422,-54.8603,82.11,74,75,10.36,light rain
642,Lata,PT,40.1629,-8.3327,54.01,50,91,2.75,overcast clouds
643,Ucluelet,CA,48.9329,-125.5528,44.1,93,100,5.99,light rain
644,Crosshouse,GB,55.6126,-4.5509,44.35,84,75,28.77,moderate rain
645,Palmeira Das Missoes,BR,-27.8994,-53.3136,84.42,34,49,6.35,scattered clouds
646,Riyadh,SA,24.6877,46.7219,59.14,38,0,13.58,clear sky
647,Nador,MA,35.174,-2.9287,55.65,71,0,4.61,clear sky
648,Tolaga Bay,NZ,-38.3667,178.3,66.16,78,71,7.09,broken clouds
649,Izmaylovo,RU,53.7211,47.2458,24.93,92,100,5.01,overcast clouds
650,Fetsund,NO,59.929,11.1625,32.27,57,72,0.83,broken clouds
651,Kuryk,KZ,43.2,51.65,42.21,73,100,7.92,overcast clouds
652,Marsh Harbour,BS,26.5412,-77.0636,62.65,59,100,12.19,overcast clouds
653,Bukama,CD,-9.2,25.85,69.24,95,99,1.45,overcast clouds
654,Port Hedland,AU,-20.3167,118.5667,82.45,83,62,14.97,broken clouds
655,Dicabisagan,PH,17.0818,122.4157,73.69,89,99,12.08,overcast clouds
656,Camalu,MX,30.85,-116.0667,68.41,42,0,8.55,clear sky
657,Erenhot,CN,43.6475,111.9767,6.58,93,100,15.79,light snow
658,Paamiut,GL,61.994,-49.6678,10.08,77,100,4.79,overcast clouds
659,Pontianak,ID,-0.0333,109.3333,75.18,100,40,1.14,mist
660,Gornyak,RU,50.9942,81.4661,15.84,74,100,13.76,overcast clouds
661,Impfondo,CG,1.6381,18.0667,77.47,27,100,2.42,overcast clouds
662,Inhambane,MZ,-23.865,35.3833,78.78,88,20,5.01,few clouds
663,San Bartolome De Tirajana,ES,27.9248,-15.5733,54.07,72,0,2.3,haze
664,Vanavara,RU,60.34,102.2797,-18.08,100,100,1.03,overcast clouds
665,Chulym,RU,55.0997,80.9572,9.43,96,65,8.52,broken clouds
666,Pietarsaari,FI,63.65,22.6833,19.53,87,100,14.32,overcast clouds
667,Saint-Louis,SN,16.3333,-15.0,89.24,10,98,7.7,overcast clouds
668,Maryborough,AU,-25.5333,152.7,70.9,94,30,4.34,scattered clouds
669,Lethem,GY,3.3803,-59.7968,97.54,25,38,11.1,scattered clouds
670,Palmer,US,42.1584,-72.3287,24.67,33,20,1.01,few clouds
671,Alekseyevka,RU,50.6309,38.6903,30.74,96,100,15.99,snow
672,Vaitape,PF,-16.5167,-151.75,80.28,72,27,9.19,scattered clouds
673,Pingxiang,CN,27.6167,113.85,39.34,87,100,0.81,light rain
674,West Bay,KY,19.3667,-81.4167,74.07,60,75,1.99,broken clouds
675,Rakamaz,HU,48.1333,21.4667,42.46,60,69,16.4,broken clouds
676,Akhtanizovskaya,RU,45.32,37.1,43.27,71,100,21.09,overcast clouds
677,Tel Aviv-Yafo,IL,32.0805,34.7805,52.7,78,0,8.05,clear sky
678,Santo Domingo,DO,18.5001,-69.9886,91.04,65,20,4.0,few clouds
679,Vilyuysk,RU,63.7553,121.6247,-24.66,100,85,4.38,overcast clouds
680,Yumen,CN,40.2833,97.2,15.17,44,100,6.82,overcast clouds
681,Altamont,US,42.2068,-121.7372,46.78,55,100,2.53,overcast clouds
682,Gunjur,GM,13.2019,-16.7339,78.87,57,100,6.91,overcast clouds
683,Miri,MY,4.4148,114.0089,75.34,100,40,3.44,light rain
684,Xinan,CN,26.72,119.8556,42.8,79,39,7.74,scattered clouds
685,Road Town,VG,18.4167,-64.6167,82.44,65,20,9.22,few clouds
686,Barra Do Garcas,BR,-15.89,-52.2567,75.78,94,75,3.49,moderate rain
687,Loding,NO,67.3,14.75,30.11,93,100,1.01,overcast clouds
688,Biggar,GB,55.6167,-3.5167,43.09,83,100,28.97,overcast clouds
689,Salinopolis,BR,-0.6136,-47.3561,77.32,89,93,9.15,overcast clouds
690,Eydhafushi,MV,5.1033,73.0708,81.28,77,35,13.53,scattered clouds
691,Lakatoro,VU,-16.0999,167.4164,78.4,89,100,7.23,overcast clouds
692,Muana,BR,-1.5283,-49.2167,77.94,90,98,4.07,overcast clouds
693,Manuk Mangkaw,PH,4.8,119.85,80.67,75,13,7.29,few clouds
694,Peniche,PT,39.3558,-9.3811,58.62,60,12,5.88,few clouds
695,Rio Negrinho,BR,-26.2544,-49.5183,64.96,94,100,4.36,overcast clouds
696,Ducheng,CN,23.2373,111.5317,52.66,68,100,5.26,light rain
697,Tateyama,JP,34.9833,139.8667,40.93,42,75,17.27,broken clouds
698,Brigantine,US,39.4101,-74.3646,28.15,42,2,13.38,clear sky
699,Khandyga,RU,62.6667,135.6,-40.07,100,55,0.63,broken clouds
700,Ngorongoro,TZ,-3.2397,35.4875,55.27,91,100,3.47,light rain
701,Khani,GE,41.9563,42.9566,31.57,83,100,6.33,overcast clouds
702,Angul,IN,20.85,85.1,59.52,36,0,0.56,clear sky
703,Trelew,AR,-43.249,-65.3051,67.1,22,60,19.3,broken clouds
704,Sangar,RU,63.9242,127.4739,-35.19,99,35,2.46,scattered clouds
705,Asau,RO,46.4333,26.4,40.39,71,99,21.68,overcast clouds
706,Nanchang,CN,28.6833,115.8833,40.68,76,100,5.39,overcast clouds
